name,reviews,website,email
Sidorova Design Ltd,20.0,http://www.sidorovadesign.com/,info@sidorovadesign.com
Interiors,10.0,http://www.interiorscoving.co.uk/,
New Concept Furnishings Ltd,14.0,https://www.newconceptfurnishings.com/,
Oraanj Interior Design - London,63.0,https://www.oraanj-interiors.co.uk/,
Gerdera Interior Ltd,,https://gerdera-interior.co.uk/contact,
KAPPY INTERIOR DESIGNERS,,http://kappyinteriordesigners.co.uk/,
DIAL Furnishings Ltd,13.0,https://www.dialfurnishings.com/,
G. A. W Design Ltd.,,https://www.gawdesignltd.co.uk/,
Interior Construction Ltd,2.0,http://www.icltd.uk.com/,
Oraanj Interior Design - Barnet,7.0,https://www.oraanj-interiors.co.uk/,
Laura Felicity,1.0,https://laurafelicity.co.uk/,
LLI Design - Interior Designers London,23.0,https://llidesign.co.uk/?UTM_source=GMB_listing&UTM_medium=organic,
Pine Grove Architecture Design & Build,24.0,https://www.pinegrovearchitecture.com/,1900info@pinegrovearchitecture.cominfo
The White Interior,22.0,http://www.thewhiteinterior.com/,Londonhello@thewhiteinterior.com07492818817
Oraanj Interior Design London,102.0,https://oraanj-interiors.co.uk/,
M&Y Interiors,13.0,http://www.m-yinterior.com/,
The Open Plan,3.0,http://www.theopenplan.com/,
Bright Space Design,2.0,http://www.brightspacedesign.com/,
Patience Designs Studio Ltd,9.0,https://patiencedesigns.co.uk/,
Rachel Winham Interior Design,3.0,http://rachelwinham.com/,
Imagination Interiors,2.0,http://decoratorsinbexley.co.uk/,
Bluelime Architecture,16.0,http://www.bluelimeprojects.com/,
STEAD INTERIORS LTD,4.0,http://www.steadinteriors.com/,
Jet McQueen Interior Design,15.0,http://www.jetmcqueen.com/,
Susan Clark Interiors,30.0,https://www.susanclarkinteriors.com/,
Topology Interiors,118.0,http://www.topologyinteriors.com/,
LLI Design - Interior Designers London,23.0,https://llidesign.co.uk/?UTM_source=GMB_listing&UTM_medium=organic,
Interior Design Cambridge,,http://interiordesigncambridge.co.uk/,
Novitas Decorators,56.0,https://www.novitasdecorators.co.uk/?utm_source=gmb&utm_medium=organic&utm_campaign=locations,
Oraanj Interior Design London,102.0,https://oraanj-interiors.co.uk/,
London Interiors,15.0,http://londoninteriors.info/,
The White Interior,22.0,http://www.thewhiteinterior.com/,Londonhello@thewhiteinterior.com07492818817
Savinson Interiors,10.0,http://savinsoninteriors.com/,
InStyle Direct - Furniture Packages & Interior Services,81.0,https://www.instyledirect.com/,
Karen Oliver Design Ltd,31.0,http://www.karenoliver.co.uk/,
Carden Cunietti Interior Design,3.0,https://www.carden-cunietti.com/,emailjohnsmith@example.comSign
KM Interior Design,6.0,https://www.km-idesign.com/,
LLI Design - Interior Designers London,23.0,https://llidesign.co.uk/?UTM_source=GMB_listing&UTM_medium=organic,
Moretti Interior Design Ltd,14.0,https://morettiinteriordesign.com/,info@morettiinteriordesign.com020
SHH Architecture & Interior Design,19.0,https://www.shh.co.uk/,
Rachel Winham Interior Design,3.0,http://rachelwinham.com/,
JRSL Interiors,34.0,https://jrslinteriors.co.uk/,516436info@jrslinteriors.co.ukBusiness
Taylor Howes Designs,15.0,https://taylorhowes.co.uk/,
Ranauta Interiors LTD - Furniture Manufacturer UK,48.0,https://ranautainteriors.co.uk/,
Interior Aesthete,22.0,https://interioraesthete.com/,
Interiors In London,1.0,http://www.interiorsinlondon.co.uk/,
Brondesbury Interiors,20.0,https://brondesburyinteriors.co.uk/,
M&Y Interiors,13.0,http://www.m-yinterior.com/,
The Avenue Design,2.0,https://www.theavenuedesign.com/,
Barlow & Barlow Design Ltd,4.0,http://www.barlowandbarlow.com/,info@barlowandbarlow.com
fci Interior Design,,https://www.fciinteriors.co.uk/,info@fciinteriors.co.uk
KaVaRa Interior Design,18.0,http://www.kavara.co.uk/,
Interior Kollection,29.0,https://interiorkollection.com/,
Topology Interiors,118.0,http://www.topologyinteriors.com/,
Dcondo Design,30.0,http://www.dcondodesign.com/,
Christie Spencer Interiors,,https://www.christiespencerinteriors.co.uk/,info@christiespencerinteriors.co.uk
Furnishing Interiors Ltd,9.0,http://www.furnishinginteriors.com/,sales@furnishinginteriors.com
Jet McQueen Interior Design,15.0,http://www.jetmcqueen.com/,
Compact Interiors Ltd,5.0,https://compact-interiors.com/,
SHAKESPEARE INTERIORS (UK) LTD,,http://shakespeareinteriors.co.uk/,info@shakespeareinteriors.co.uk
Bluelime Architecture,23.0,http://www.bluelimeprojects.com/,
Susan Clark Interiors,30.0,https://www.susanclarkinteriors.com/,
Haynes Interiors,22.0,https://haynesinteriors.co.uk/,
Oraanj Interior Design - London,63.0,https://www.oraanj-interiors.co.uk/,
Topology Interiors,118.0,http://www.topologyinteriors.com/,
SRS Interior Design Ltd.,11.0,http://www.srsinteriordesign.com/,
Taylor Howes Designs,15.0,https://taylorhowes.co.uk/,
LLI Design - Interior Designers London,23.0,https://llidesign.co.uk/?UTM_source=GMB_listing&UTM_medium=organic,
Fresh Home Interior,13.0,https://freshinteriordesign.co.uk/,
misch_MISCH studio | Interior Architecture & Luxury Interior Design | London,20.0,https://www.mischmisch.com/,studio@mischmisch.com
Maris Interiors LLP,44.0,http://www.maris.co.uk/,
Q&A Interior Design Ltd,6.0,http://www.qa-interiordesign.co.uk/,
B3 Designers Ltd,3.0,https://www.b3designers.co.uk/,
3dfrontelevation 3D interior Designer in London Uk,5.0,https://www.facebook.com/3dfrontelevation/,
1508 London,12.0,http://1508london.com/,
sway interior stylists,6.0,https://swayinteriorstylists.co.uk/,
The White Interior,22.0,http://www.thewhiteinterior.com/,Londonhello@thewhiteinterior.com07492818817
British Institute of Interior Design,11.0,http://www.biid.org.uk/,
Juliettes Interiors,60.0,https://juliettesinteriors.co.uk/,
Oraanj Interior Design - Barbican,4.0,https://www.oraanj-interiors.co.uk/,
Alexander Waterworth Interiors Ltd,2.0,https://alexanderwaterworthinteriors.com/,
Moretti Interior Design Ltd,14.0,https://morettiinteriordesign.com/,info@morettiinteriordesign.com020
Create Interior Design Ltd,,https://createinteriordesign.co.uk/,025907lucy@createinteriordesign.co.ukOur
1.61 London,32.0,http://www.161london.com/,
MKV Design,8.0,http://www.mkvdesign.com/,
TEMZA – Interior Design and Build Studio,9.0,http://temza.co.uk/,hello@temza.co.uk
SHH Architecture & Interior Design,19.0,https://www.shh.co.uk/,
LLI Design - Interior Designers London,23.0,https://llidesign.co.uk/?UTM_source=GMB_listing&UTM_medium=organic,
Wise Owl Interiors,21.0,http://www.wiseowlinteriors.com/,
Vintage Haus Interior,10.0,https://www.vintagehausinterior.co.uk/,
Bright Space Design,2.0,http://www.brightspacedesign.com/,
The Open Plan,3.0,http://www.theopenplan.com/,
Patience Designs Studio Ltd,9.0,https://patiencedesigns.co.uk/,
Maureen Gomez Interiors,14.0,https://www.maureengomezinteriors.com/,
Moretti Interior Design Ltd,14.0,https://morettiinteriordesign.com/,info@morettiinteriordesign.com020
Laura Hammett,3.0,http://www.laurahammett.com/,
K R Interior Design,2.0,http://www.kr-interiordesign.com/,
SHH Architecture & Interior Design,19.0,https://www.shh.co.uk/,
Juliettes Interiors,60.0,https://juliettesinteriors.co.uk/,
Blue Fig Interiors Ltd,10.0,http://www.bluefiginteriors.com/,
Visu Verum Interiors,1.0,https://www.vvinteriors.london/,
Taylor Howes Designs,15.0,https://taylorhowes.co.uk/,
Spencer & Wedekind,3.0,http://spencerandwedekind.com/,
Sofiya Designs,11.0,https://www.sofiyadesigns.co.uk/,sofiya@sofiyadesigns.co.uk
Tessuto Interiors,6.0,http://tessuto.co.uk/,
"RJV Designs Ltd,",3.0,http://www.rjvdesigns.co.uk/,
David Collins Studio Ltd,16.0,https://www.davidcollins.studio/,
Rachel Winham Interior Design,3.0,http://rachelwinham.com/,
OLIVIA SHAW INTERIORS,1.0,http://oliviashawinteriors.com/,
"Design Centre, Chelsea Harbour",292.0,http://www.dcch.co.uk/,
Design Penguin,2.0,http://www.design-penguin.co.uk/,
Beata Heuman Ltd,3.0,http://beataheuman.com/,
Interiors Of Chiswick,32.0,http://www.interiorsofchiswick.co.uk/,
Living Space & Partners - Fulham,50.0,http://www.livingspaceuk.com/,
Ash Design,2.0,http://www.ash-design.co.uk/,
Luisa Barnes Interior Design,4.0,https://www.luisabarnesinteriordesign.co.uk/,
SR interior design,1.0,http://www.srinteriordesign.com/,
Emma Saxby Interior Design,9.0,http://www.emmasaxby.com/,
LLI Design - Interior Designers London,23.0,https://llidesign.co.uk/?UTM_source=GMB_listing&UTM_medium=organic,
Patience Designs Studio Ltd,9.0,https://patiencedesigns.co.uk/,
The White Interior,22.0,http://www.thewhiteinterior.com/,Londonhello@thewhiteinterior.com07492818817
The Open Plan,3.0,http://www.theopenplan.com/,
Elemental Studio ltd,25.0,http://www.elementalstudio.co.uk/,
A Designer At Heart,2.0,http://adesigneratheart.com/,
Oraanj Interior Design - Muswell Hill,6.0,https://www.oraanj-interiors.co.uk/,
Oraanj Interior Design London,102.0,https://oraanj-interiors.co.uk/,
Genesis Interior Solutions t/a Sanghani Wardrobe,46.0,http://www.genesisinteriorsolutions.co.uk/,
Interior Aesthete,22.0,https://interioraesthete.com/,
Your Architect Ltd,75.0,http://www.your-architect.co.uk/,
Design C L D,1.0,http://designcld.co.uk/,
Carolyn Fox Interiors,1.0,http://www.carolynfoxinteriors.com/,
London Interiors,15.0,http://londoninteriors.info/,
Shape and Space,,https://shapeandspace.co.uk/,
Sidorova Design Ltd,20.0,http://www.sidorovadesign.com/,info@sidorovadesign.com
Topology Interiors,118.0,http://www.topologyinteriors.com/,
End Interiors,18.0,http://www.endinteriors.com/,
Raspberry Interiors,18.0,https://www.raspberryinteriordesign.co.uk/,
Lonom Interiors (Lonom Ltd),14.0,https://lonom.co.uk/,admin@lonom.co.uk
"Houserock Designs - Interior Designer, London & Essex",9.0,http://www.houserock.co.uk/,
The Bellevue Interiors Ltd,,http://thebellevueinteriors.co.uk/,info@thebellevueinteriors.co.uk
Oraanj Interior Design London,102.0,https://oraanj-interiors.co.uk/,
Interior Aesthete,22.0,https://interioraesthete.com/,
AVA Home Design Ltd,13.0,http://avahomedesign.co.uk/,
La Vaastu Ltd,20.0,http://www.lavaastu.co.uk/,
House Designer,51.0,https://housedesigner.com/,
Karen Oliver Design Ltd,31.0,http://www.karenoliver.co.uk/,
Timothy James Interiors,12.0,http://www.timothyjamesinteriors.co.uk/,
M&Y Interiors,13.0,http://www.m-yinterior.com/,
plansdesigned,19.0,http://www.plansdesigned.co.uk/,enquiries@plansdesigned.co.uk
Unique kitchen and bedroom ltd,38.0,https://www.uniquekitchenandbedroom.com/,info@uniquekitchenandbedroom.com
Karen Oliver Design Ltd,31.0,http://www.karenoliver.co.uk/,
House Designer,51.0,https://housedesigner.com/,
Timothy James Interiors,12.0,http://www.timothyjamesinteriors.co.uk/,
House G Design,2.0,http://www.housegdesign.co.uk/,
April Hamilton | Luxury Interior Design Studio,26.0,http://www.aprilhamilton.com/,170design@aprilhamilton.com
Lisa Lewis Interior Design,8.0,https://lisalewis.co.uk/,
Concept Bespoke Interiors Ltd,3.0,https://www.conceptbespoke.com/,
Affes Decor Ltd,10.0,https://www.affesdecor.co.uk/,info@affesdecor.co.uk
Moretti Interior Design Ltd,14.0,https://morettiinteriordesign.com/,info@morettiinteriordesign.com020
Taylor Howes Designs,15.0,https://taylorhowes.co.uk/,
Vastu Interior Design Ltd,7.0,http://www.vastu.co.uk/,
Oraanj Interior Design - Kensington and Chelsea,13.0,https://www.oraanj-interiors.co.uk/,
Sofiya Designs,11.0,https://www.sofiyadesigns.co.uk/,sofiya@sofiyadesigns.co.uk
"Design Centre, Chelsea Harbour",292.0,http://www.dcch.co.uk/,
Studio Indigo,16.0,https://studioindigo.co.uk/,email@domain.com
Juliettes Interiors,60.0,https://juliettesinteriors.co.uk/,
Taylor Howes Designs,15.0,https://taylorhowes.co.uk/,
Topology Interiors,118.0,http://www.topologyinteriors.com/,
SHH Architecture & Interior Design,19.0,https://www.shh.co.uk/,
René Dekker Design,2.0,https://www.renedekker.co.uk/,
Designers Guild,69.0,http://www.designersguild.com/,
Sidorova Design Ltd,20.0,http://www.sidorovadesign.com/,info@sidorovadesign.com
Interiors,10.0,http://www.interiorscoving.co.uk/,
New Concept Furnishings Ltd,14.0,https://www.newconceptfurnishings.com/,
Oraanj Interior Design - London,63.0,https://www.oraanj-interiors.co.uk/,
Gerdera Interior Ltd,,https://gerdera-interior.co.uk/contact,
KAPPY INTERIOR DESIGNERS,,http://kappyinteriordesigners.co.uk/,
DIAL Furnishings Ltd,13.0,https://www.dialfurnishings.com/,
G. A. W Design Ltd.,,https://www.gawdesignltd.co.uk/,
Interior Construction Ltd,2.0,http://www.icltd.uk.com/,
Oraanj Interior Design - Barnet,7.0,https://www.oraanj-interiors.co.uk/,
Laura Felicity,1.0,https://laurafelicity.co.uk/,
LLI Design - Interior Designers London,23.0,https://llidesign.co.uk/?UTM_source=GMB_listing&UTM_medium=organic,
Pine Grove Architecture Design & Build,24.0,https://www.pinegrovearchitecture.com/,1900info@pinegrovearchitecture.cominfo
The White Interior,22.0,http://www.thewhiteinterior.com/,Londonhello@thewhiteinterior.com07492818817
Oraanj Interior Design London,102.0,https://oraanj-interiors.co.uk/,
M&Y Interiors,13.0,http://www.m-yinterior.com/,
The Open Plan,3.0,http://www.theopenplan.com/,
Bright Space Design,2.0,http://www.brightspacedesign.com/,
Patience Designs Studio Ltd,9.0,https://patiencedesigns.co.uk/,
Rachel Winham Interior Design,3.0,http://rachelwinham.com/,
Imagination Interiors,2.0,http://decoratorsinbexley.co.uk/,
Bluelime Architecture,16.0,http://www.bluelimeprojects.com/,
STEAD INTERIORS LTD,4.0,http://www.steadinteriors.com/,
Jet McQueen Interior Design,15.0,http://www.jetmcqueen.com/,
Susan Clark Interiors,30.0,https://www.susanclarkinteriors.com/,
Topology Interiors,118.0,http://www.topologyinteriors.com/,
LLI Design - Interior Designers London,23.0,https://llidesign.co.uk/?UTM_source=GMB_listing&UTM_medium=organic,
Interior Design Cambridge,,http://interiordesigncambridge.co.uk/,
Novitas Decorators,56.0,https://www.novitasdecorators.co.uk/?utm_source=gmb&utm_medium=organic&utm_campaign=locations,
Oraanj Interior Design London,102.0,https://oraanj-interiors.co.uk/,
London Interiors,15.0,http://londoninteriors.info/,
The White Interior,22.0,http://www.thewhiteinterior.com/,Londonhello@thewhiteinterior.com07492818817
Savinson Interiors,10.0,http://savinsoninteriors.com/,
InStyle Direct - Furniture Packages & Interior Services,81.0,https://www.instyledirect.com/,
Karen Oliver Design Ltd,31.0,http://www.karenoliver.co.uk/,
Carden Cunietti Interior Design,3.0,https://www.carden-cunietti.com/,emailjohnsmith@example.comSign
KM Interior Design,6.0,https://www.km-idesign.com/,
LLI Design - Interior Designers London,23.0,https://llidesign.co.uk/?UTM_source=GMB_listing&UTM_medium=organic,
Moretti Interior Design Ltd,14.0,https://morettiinteriordesign.com/,info@morettiinteriordesign.com020
SHH Architecture & Interior Design,19.0,https://www.shh.co.uk/,
Rachel Winham Interior Design,3.0,http://rachelwinham.com/,
JRSL Interiors,34.0,https://jrslinteriors.co.uk/,516436info@jrslinteriors.co.ukBusiness
Taylor Howes Designs,15.0,https://taylorhowes.co.uk/,
Ranauta Interiors LTD - Furniture Manufacturer UK,48.0,https://ranautainteriors.co.uk/,info@ranautainteriors.co.uk
Interior Aesthete,22.0,https://interioraesthete.com/,
Interiors In London,1.0,http://www.interiorsinlondon.co.uk/,
Brondesbury Interiors,20.0,https://brondesburyinteriors.co.uk/,
M&Y Interiors,13.0,http://www.m-yinterior.com/,
The Avenue Design,2.0,https://www.theavenuedesign.com/,
Barlow & Barlow Design Ltd,4.0,http://www.barlowandbarlow.com/,info@barlowandbarlow.com
fci Interior Design,,https://www.fciinteriors.co.uk/,info@fciinteriors.co.uk
KaVaRa Interior Design,18.0,http://www.kavara.co.uk/,
Interior Kollection,29.0,https://interiorkollection.com/,
Topology Interiors,118.0,http://www.topologyinteriors.com/,
Dcondo Design,30.0,http://www.dcondodesign.com/,
Christie Spencer Interiors,,https://www.christiespencerinteriors.co.uk/,info@christiespencerinteriors.co.uk
Furnishing Interiors Ltd,9.0,http://www.furnishinginteriors.com/,sales@furnishinginteriors.com
Jet McQueen Interior Design,15.0,http://www.jetmcqueen.com/,
Compact Interiors Ltd,5.0,https://compact-interiors.com/,
SHAKESPEARE INTERIORS (UK) LTD,,http://shakespeareinteriors.co.uk/,info@shakespeareinteriors.co.uk
Bluelime Architecture,23.0,http://www.bluelimeprojects.com/,
Susan Clark Interiors,30.0,https://www.susanclarkinteriors.com/,
Haynes Interiors,22.0,https://haynesinteriors.co.uk/,
Oraanj Interior Design - London,63.0,https://www.oraanj-interiors.co.uk/,
Topology Interiors,118.0,http://www.topologyinteriors.com/,
SRS Interior Design Ltd.,11.0,http://www.srsinteriordesign.com/,
Taylor Howes Designs,15.0,https://taylorhowes.co.uk/,
LLI Design - Interior Designers London,23.0,https://llidesign.co.uk/?UTM_source=GMB_listing&UTM_medium=organic,
Fresh Home Interior,13.0,https://freshinteriordesign.co.uk/,
misch_MISCH studio | Interior Architecture & Luxury Interior Design | London,20.0,https://www.mischmisch.com/,studio@mischmisch.com
Maris Interiors LLP,44.0,http://www.maris.co.uk/,
Q&A Interior Design Ltd,6.0,http://www.qa-interiordesign.co.uk/,
B3 Designers Ltd,3.0,https://www.b3designers.co.uk/,
3dfrontelevation 3D interior Designer in London Uk,5.0,https://www.facebook.com/3dfrontelevation/,
1508 London,12.0,http://1508london.com/,
sway interior stylists,6.0,https://swayinteriorstylists.co.uk/,
The White Interior,22.0,http://www.thewhiteinterior.com/,Londonhello@thewhiteinterior.com07492818817
British Institute of Interior Design,11.0,http://www.biid.org.uk/,
Juliettes Interiors,60.0,https://juliettesinteriors.co.uk/,
Oraanj Interior Design - Barbican,4.0,https://www.oraanj-interiors.co.uk/,
Alexander Waterworth Interiors Ltd,2.0,https://alexanderwaterworthinteriors.com/,
Moretti Interior Design Ltd,14.0,https://morettiinteriordesign.com/,info@morettiinteriordesign.com020
Create Interior Design Ltd,,https://createinteriordesign.co.uk/,025907lucy@createinteriordesign.co.ukOur
1.61 London,32.0,http://www.161london.com/,
MKV Design,8.0,http://www.mkvdesign.com/,
TEMZA – Interior Design and Build Studio,9.0,http://temza.co.uk/,hello@temza.co.uk
SHH Architecture & Interior Design,19.0,https://www.shh.co.uk/,
LLI Design - Interior Designers London,23.0,https://llidesign.co.uk/?UTM_source=GMB_listing&UTM_medium=organic,
Wise Owl Interiors,21.0,http://www.wiseowlinteriors.com/,
Vintage Haus Interior,10.0,https://www.vintagehausinterior.co.uk/,
Bright Space Design,2.0,http://www.brightspacedesign.com/,
The Open Plan,3.0,http://www.theopenplan.com/,
Patience Designs Studio Ltd,9.0,https://patiencedesigns.co.uk/,
Maureen Gomez Interiors,14.0,https://www.maureengomezinteriors.com/,
Moretti Interior Design Ltd,14.0,https://morettiinteriordesign.com/,info@morettiinteriordesign.com020
Laura Hammett,3.0,http://www.laurahammett.com/,
K R Interior Design,2.0,http://www.kr-interiordesign.com/,
SHH Architecture & Interior Design,19.0,https://www.shh.co.uk/,
Juliettes Interiors,60.0,https://juliettesinteriors.co.uk/,
Blue Fig Interiors Ltd,10.0,http://www.bluefiginteriors.com/,
Visu Verum Interiors,1.0,https://www.vvinteriors.london/,
Taylor Howes Designs,15.0,https://taylorhowes.co.uk/,
Spencer & Wedekind,3.0,http://spencerandwedekind.com/,
Sofiya Designs,11.0,https://www.sofiyadesigns.co.uk/,sofiya@sofiyadesigns.co.uk
Tessuto Interiors,6.0,http://tessuto.co.uk/,
"RJV Designs Ltd,",3.0,http://www.rjvdesigns.co.uk/,
David Collins Studio Ltd,16.0,https://www.davidcollins.studio/,
Rachel Winham Interior Design,3.0,http://rachelwinham.com/,
OLIVIA SHAW INTERIORS,1.0,http://oliviashawinteriors.com/,
"Design Centre, Chelsea Harbour",292.0,http://www.dcch.co.uk/,
Design Penguin,2.0,http://www.design-penguin.co.uk/,
Beata Heuman Ltd,3.0,http://beataheuman.com/,
Interiors Of Chiswick,32.0,http://www.interiorsofchiswick.co.uk/,
Living Space & Partners - Fulham,50.0,http://www.livingspaceuk.com/,
Ash Design,2.0,http://www.ash-design.co.uk/,
Luisa Barnes Interior Design,4.0,https://www.luisabarnesinteriordesign.co.uk/,
SR interior design,1.0,http://www.srinteriordesign.com/,
Emma Saxby Interior Design,9.0,http://www.emmasaxby.com/,
LLI Design - Interior Designers London,23.0,https://llidesign.co.uk/?UTM_source=GMB_listing&UTM_medium=organic,
Patience Designs Studio Ltd,9.0,https://patiencedesigns.co.uk/,
The White Interior,22.0,http://www.thewhiteinterior.com/,Londonhello@thewhiteinterior.com07492818817
The Open Plan,3.0,http://www.theopenplan.com/,
Elemental Studio ltd,25.0,http://www.elementalstudio.co.uk/,
A Designer At Heart,2.0,http://adesigneratheart.com/,
Oraanj Interior Design - Muswell Hill,6.0,https://www.oraanj-interiors.co.uk/,
Oraanj Interior Design London,102.0,https://oraanj-interiors.co.uk/,
Genesis Interior Solutions t/a Sanghani Wardrobe,46.0,http://www.genesisinteriorsolutions.co.uk/,
Interior Aesthete,22.0,https://interioraesthete.com/,
Your Architect Ltd,75.0,http://www.your-architect.co.uk/,
Design C L D,1.0,http://designcld.co.uk/,
Carolyn Fox Interiors,1.0,http://www.carolynfoxinteriors.com/,
London Interiors,15.0,http://londoninteriors.info/,
Shape and Space,,https://shapeandspace.co.uk/,
Sidorova Design Ltd,20.0,http://www.sidorovadesign.com/,info@sidorovadesign.com
Topology Interiors,118.0,http://www.topologyinteriors.com/,
End Interiors,18.0,http://www.endinteriors.com/,
Raspberry Interiors,18.0,https://www.raspberryinteriordesign.co.uk/,
Lonom Interiors (Lonom Ltd),14.0,https://lonom.co.uk/,admin@lonom.co.uk
"Houserock Designs - Interior Designer, London & Essex",9.0,http://www.houserock.co.uk/,
The Bellevue Interiors Ltd,,http://thebellevueinteriors.co.uk/,info@thebellevueinteriors.co.uk
Oraanj Interior Design London,102.0,https://oraanj-interiors.co.uk/,
Interior Aesthete,22.0,https://interioraesthete.com/,
AVA Home Design Ltd,13.0,http://avahomedesign.co.uk/,
La Vaastu Ltd,20.0,http://www.lavaastu.co.uk/,
House Designer,51.0,https://housedesigner.com/,
Karen Oliver Design Ltd,31.0,http://www.karenoliver.co.uk/,
Timothy James Interiors,12.0,http://www.timothyjamesinteriors.co.uk/,
M&Y Interiors,13.0,http://www.m-yinterior.com/,
plansdesigned,19.0,http://www.plansdesigned.co.uk/,enquiries@plansdesigned.co.uk
Unique kitchen and bedroom ltd,38.0,https://www.uniquekitchenandbedroom.com/,info@uniquekitchenandbedroom.com
Karen Oliver Design Ltd,31.0,http://www.karenoliver.co.uk/,
House Designer,51.0,https://housedesigner.com/,
Timothy James Interiors,12.0,http://www.timothyjamesinteriors.co.uk/,
House G Design,2.0,http://www.housegdesign.co.uk/,
April Hamilton | Luxury Interior Design Studio,26.0,http://www.aprilhamilton.com/,170design@aprilhamilton.com
Lisa Lewis Interior Design,8.0,https://lisalewis.co.uk/,
Concept Bespoke Interiors Ltd,3.0,https://www.conceptbespoke.com/,
Affes Decor Ltd,10.0,https://www.affesdecor.co.uk/,info@affesdecor.co.uk
Moretti Interior Design Ltd,14.0,https://morettiinteriordesign.com/,info@morettiinteriordesign.com020
Taylor Howes Designs,15.0,https://taylorhowes.co.uk/,
Vastu Interior Design Ltd,7.0,http://www.vastu.co.uk/,
Oraanj Interior Design - Kensington and Chelsea,13.0,https://www.oraanj-interiors.co.uk/,
Sofiya Designs,11.0,https://www.sofiyadesigns.co.uk/,sofiya@sofiyadesigns.co.uk
"Design Centre, Chelsea Harbour",292.0,http://www.dcch.co.uk/,
Studio Indigo,16.0,https://studioindigo.co.uk/,email@domain.com
Juliettes Interiors,60.0,https://juliettesinteriors.co.uk/,
Taylor Howes Designs,15.0,https://taylorhowes.co.uk/,
Topology Interiors,118.0,http://www.topologyinteriors.com/,
SHH Architecture & Interior Design,19.0,https://www.shh.co.uk/,
René Dekker Design,2.0,https://www.renedekker.co.uk/,
Designers Guild,69.0,http://www.designersguild.com/,
